,turbine_id,model,power_mw,commissioning_date,sensor_id,sensor_type,installation_dt,location_desc,meas_id,ts_utc,wind_speed_mps,temperature_k,vibration_mm_s,consumption_kwh,date,energie_kWh,arret_planifie,arret_non_planifie
0,T001,EnergiTech-E100,3.5,2020-03-15,S_T001_WIND,WIND_SPEED,2020-03-15,Nacelle,1,2025-10-01T00:00:00.000,8.6,291.3,4.15,841.64,2025-10-01,26973,0,0
1,T001,EnergiTech-E100,3.5,2020-03-15,S_T001_WIND,WIND_SPEED,2020-03-15,Nacelle,1,2025-10-01T00:00:00.000,8.6,291.3,4.15,841.64,2025-10-02,28014,0,0
2,T001,EnergiTech-E100,3.5,2020-03-15,S_T001_WIND,WIND_SPEED,2020-03-15,Nacelle,1,2025-10-01T00:00:00.000,8.6,291.3,4.15,841.64,2025-10-05,23215,0,0
3,T001,EnergiTech-E100,3.5,2020-03-15,S_T001_WIND,WIND_SPEED,2020-03-15,Nacelle,1,2025-10-01T00:00:00.000,8.6,291.3,4.15,841.64,2025-10-06,34897,0,0
4,T001,EnergiTech-E100,3.5,2020-03-15,S_T001_WIND,WIND_SPEED,2020-03-15,Nacelle,1,2025-10-01T00:00:00.000,8.6,291.3,4.15,841.64,2025-10-07,25590,0,0
5,T001,EnergiTech-E100,3.5,2020-03-15,S_T001_WIND,WIND_SPEED,2020-03-15,Nacelle,1,2025-10-01T00:00:00.000,8.6,291.3,4.15,841.64,2025-10-08,38432,0,0
6,T001,EnergiTech-E100,3.5,2020-03-15,S_T001_WIND,WIND_SPEED,2020-03-15,Nacelle,1,2025-10-01T00:00:00.000,8.6,291.3,4.15,841.64,2025-10-09,12875,0,0
7,T001,EnergiTech-E100,3.5,2020-03-15,S_T001_WIND,WIND_SPEED,2020-03-15,Nacelle,1,2025-10-01T00:00:00.000,8.6,291.3,4.15,841.64,2025-10-11,29996,0,0
8,T001,EnergiTech-E100,3.5,2020-03-15,S_T001_WIND,WIND_SPEED,2020-03-15,Nacelle,1,2025-10-01T00:00:00.000,8.6,291.3,4.15,841.64,2025-10-12,35575,0,0
9,T001,EnergiTech-E100,3.5,2020-03-15,S_T001_WIND,WIND_SPEED,2020-03-15,Nacelle,1,2025-10-01T00:00:00.000,8.6,291.3,4.15,841.64,2025-10-13,24871,0,0
10,T001,EnergiTech-E100,3.5,2020-03-15,S_T001_WIND,WIND_SPEED,2020-03-15,Nacelle,1,2025-10-01T00:00:00.000,8.6,291.3,4.15,841.64,2025-10-14,32370,0,0
11,T001,EnergiTech-E100,3.5,2020-03-15,S_T001_WIND,WIND_SPEED,2020-03-15,Nacelle,1,2025-10-01T00:00:00.000,8.6,291.3,4.15,841.64,2025-10-15,28398,0,0
12,T001,EnergiTech-E100,3.5,2020-03-15,S_T001_WIND,WIND_SPEED,2020-03-15,Nacelle,1,2025-10-01T00:00:00.000,8.6,291.3,4.15,841.64,2025-10-16,15565,0,0
13,T001,EnergiTech-E100,3.5,2020-03-15,S_T001_WIND,WIND_SPEED,2020-03-15,Nacelle,1,2025-10-01T00:00:00.000,8.6,291.3,4.15,841.64,2025-10-17,16352,0,0
14,T001,EnergiTech-E100,3.5,2020-03-15,S_T001_WIND,WIND_SPEED,2020-03-15,Nacelle,1,2025-10-01T00:00:00.000,8.6,291.3,4.15,841.64,2025-10-18,22059,0,0
15,T001,EnergiTech-E100,3.5,2020-03-15,S_T001_WIND,WIND_SPEED,2020-03-15,Nacelle,1,2025-10-01T00:00:00.000,8.6,291.3,4.15,841.64,2025-10-19,39738,0,0
16,T001,EnergiTech-E100,3.5,2020-03-15,S_T001_WIND,WIND_SPEED,2020-03-15,Nacelle,1,2025-10-01T00:00:00.000,8.6,291.3,4.15,841.64,2025-10-20,14551,0,0
17,T001,EnergiTech-E100,3.5,2020-03-15,S_T001_WIND,WIND_SPEED,2020-03-15,Nacelle,1,2025-10-01T00:00:00.000,8.6,291.3,4.15,841.64,2025-10-22,28367,0,0
18,T001,EnergiTech-E100,3.5,2020-03-15,S_T001_WIND,WIND_SPEED,2020-03-15,Nacelle,1,2025-10-01T00:00:00.000,8.6,291.3,4.15,841.64,2025-10-23,22986,0,0
19,T001,EnergiTech-E100,3.5,2020-03-15,S_T001_WIND,WIND_SPEED,2020-03-15,Nacelle,1,2025-10-01T00:00:00.000,8.6,291.3,4.15,841.64,2025-10-24,33071,0,0
20,T001,EnergiTech-E100,3.5,2020-03-15,S_T001_WIND,WIND_SPEED,2020-03-15,Nacelle,1,2025-10-01T00:00:00.000,8.6,291.3,4.15,841.64,2025-10-25,27436,0,0
21,T001,EnergiTech-E100,3.5,2020-03-15,S_T001_WIND,WIND_SPEED,2020-03-15,Nacelle,1,2025-10-01T00:00:00.000,8.6,291.3,4.15,841.64,2025-10-26,44934,0,0
22,T001,EnergiTech-E100,3.5,2020-03-15,S_T001_WIND,WIND_SPEED,2020-03-15,Nacelle,1,2025-10-01T00:00:00.000,8.6,291.3,4.15,841.64,2025-10-27,28696,0,0
23,T001,EnergiTech-E100,3.5,2020-03-15,S_T001_WIND,WIND_SPEED,2020-03-15,Nacelle,1,2025-10-01T00:00:00.000,8.6,291.3,4.15,841.64,2025-10-28,35507,0,0
24,T001,EnergiTech-E100,3.5,2020-03-15,S_T001_WIND,WIND_SPEED,2020-03-15,Nacelle,1,2025-10-01T00:00:00.000,8.6,291.3,4.15,841.64,2025-10-29,32975,0,0
25,T001,EnergiTech-E100,3.5,2020-03-15,S_T001_WIND,WIND_SPEED,2020-03-15,Nacelle,1,2025-10-01T00:00:00.000,8.6,291.3,4.15,841.64,2025-10-30,23743,0,0
26,T001,EnergiTech-E100,3.5,2020-03-15,S_T001_WIND,WIND_SPEED,2020-03-15,Nacelle,1,2025-10-01T00:00:00.000,8.6,291.3,4.15,841.64,2025-10-31,39710,0,0
27,T001,EnergiTech-E100,3.5,2020-03-15,S_T001_WIND,WIND_SPEED,2020-03-15,Nacelle,3,2025-10-01T00:01:00.000,12.68,292.66,11.17,900.46,2025-10-01,26973,0,0
28,T001,EnergiTech-E100,3.5,2020-03-15,S_T001_WIND,WIND_SPEED,2020-03-15,Nacelle,3,2025-10-01T00:01:00.000,12.68,292.66,11.17,900.46,2025-10-02,28014,0,0
29,T001,EnergiTech-E100,3.5,2020-03-15,S_T001_WIND,WIND_SPEED,2020-03-15,Nacelle,3,2025-10-01T00:01:00.000,12.68,292.66,11.17,900.46,2025-10-05,23215,0,0
30,T001,EnergiTech-E100,3.5,2020-03-15,S_T001_WIND,WIND_SPEED,2020-03-15,Nacelle,3,2025-10-01T00:01:00.000,12.68,292.66,11.17,900.46,2025-10-06,34897,0,0
31,T001,EnergiTech-E100,3.5,2020-03-15,S_T001_WIND,WIND_SPEED,2020-03-15,Nacelle,3,2025-10-01T00:01:00.000,12.68,292.66,11.17,900.46,2025-10-07,25590,0,0
32,T001,EnergiTech-E100,3.5,2020-03-15,S_T001_WIND,WIND_SPEED,2020-03-15,Nacelle,3,2025-10-01T00:01:00.000,12.68,292.66,11.17,900.46,2025-10-08,38432,0,0
33,T001,EnergiTech-E100,3.5,2020-03-15,S_T001_WIND,WIND_SPEED,2020-03-15,Nacelle,3,2025-10-01T00:01:00.000,12.68,292.66,11.17,900.46,2025-10-09,12875,0,0
34,T001,EnergiTech-E100,3.5,2020-03-15,S_T001_WIND,WIND_SPEED,2020-03-15,Nacelle,3,2025-10-01T00:01:00.000,12.68,292.66,11.17,900.46,2025-10-11,29996,0,0
35,T001,EnergiTech-E100,3.5,2020-03-15,S_T001_WIND,WIND_SPEED,2020-03-15,Nacelle,3,2025-10-01T00:01:00.000,12.68,292.66,11.17,900.46,2025-10-12,35575,0,0
36,T001,EnergiTech-E100,3.5,2020-03-15,S_T001_WIND,WIND_SPEED,2020-03-15,Nacelle,3,2025-10-01T00:01:00.000,12.68,292.66,11.17,900.46,2025-10-13,24871,0,0
37,T001,EnergiTech-E100,3.5,2020-03-15,S_T001_WIND,WIND_SPEED,2020-03-15,Nacelle,3,2025-10-01T00:01:00.000,12.68,292.66,11.17,900.46,2025-10-14,32370,0,0
38,T001,EnergiTech-E100,3.5,2020-03-15,S_T001_WIND,WIND_SPEED,2020-03-15,Nacelle,3,2025-10-01T00:01:00.000,12.68,292.66,11.17,900.46,2025-10-15,28398,0,0
39,T001,EnergiTech-E100,3.5,2020-03-15,S_T001_WIND,WIND_SPEED,2020-03-15,Nacelle,3,2025-10-01T00:01:00.000,12.68,292.66,11.17,900.46,2025-10-16,15565,0,0
40,T001,EnergiTech-E100,3.5,2020-03-15,S_T001_WIND,WIND_SPEED,2020-03-15,Nacelle,3,2025-10-01T00:01:00.000,12.68,292.66,11.17,900.46,2025-10-17,16352,0,0
41,T001,EnergiTech-E100,3.5,2020-03-15,S_T001_WIND,WIND_SPEED,2020-03-15,Nacelle,3,2025-10-01T00:01:00.000,12.68,292.66,11.17,900.46,2025-10-18,22059,0,0
42,T001,EnergiTech-E100,3.5,2020-03-15,S_T001_WIND,WIND_SPEED,2020-03-15,Nacelle,3,2025-10-01T00:01:00.000,12.68,292.66,11.17,900.46,2025-10-19,39738,0,0
43,T001,EnergiTech-E100,3.5,2020-03-15,S_T001_WIND,WIND_SPEED,2020-03-15,Nacelle,3,2025-10-01T00:01:00.000,12.68,292.66,11.17,900.46,2025-10-20,14551,0,0
44,T001,EnergiTech-E100,3.5,2020-03-15,S_T001_WIND,WIND_SPEED,2020-03-15,Nacelle,3,2025-10-01T00:01:00.000,12.68,292.66,11.17,900.46,2025-10-22,28367,0,0
45,T001,EnergiTech-E100,3.5,2020-03-15,S_T001_WIND,WIND_SPEED,2020-03-15,Nacelle,3,2025-10-01T00:01:00.000,12.68,292.66,11.17,900.46,2025-10-23,22986,0,0
46,T001,EnergiTech-E100,3.5,2020-03-15,S_T001_WIND,WIND_SPEED,2020-03-15,Nacelle,3,2025-10-01T00:01:00.000,12.68,292.66,11.17,900.46,2025-10-24,33071,0,0
47,T001,EnergiTech-E100,3.5,2020-03-15,S_T001_WIND,WIND_SPEED,2020-03-15,Nacelle,3,2025-10-01T00:01:00.000,12.68,292.66,11.17,900.46,2025-10-25,27436,0,0
48,T001,EnergiTech-E100,3.5,2020-03-15,S_T001_WIND,WIND_SPEED,2020-03-15,Nacelle,3,2025-10-01T00:01:00.000,12.68,292.66,11.17,900.46,2025-10-26,44934,0,0
49,T001,EnergiTech-E100,3.5,2020-03-15,S_T001_WIND,WIND_SPEED,2020-03-15,Nacelle,3,2025-10-01T00:01:00.000,12.68,292.66,11.17,900.46,2025-10-27,28696,0,0
50,T001,EnergiTech-E100,3.5,2020-03-15,S_T001_WIND,WIND_SPEED,2020-03-15,Nacelle,3,2025-10-01T00:01:00.000,12.68,292.66,11.17,900.46,2025-10-28,35507,0,0
51,T001,EnergiTech-E100,3.5,2020-03-15,S_T001_WIND,WIND_SPEED,2020-03-15,Nacelle,3,2025-10-01T00:01:00.000,12.68,292.66,11.17,900.46,2025-10-29,32975,0,0
52,T001,EnergiTech-E100,3.5,2020-03-15,S_T001_WIND,WIND_SPEED,2020-03-15,Nacelle,3,2025-10-01T00:01:00.000,12.68,292.66,11.17,900.46,2025-10-30,23743,0,0
53,T001,EnergiTech-E100,3.5,2020-03-15,S_T001_WIND,WIND_SPEED,2020-03-15,Nacelle,3,2025-10-01T00:01:00.000,12.68,292.66,11.17,900.46,2025-10-31,39710,0,0
54,T001,EnergiTech-E100,3.5,2020-03-15,S_T001_WIND,WIND_SPEED,2020-03-15,Nacelle,5,2025-10-01T00:02:00.000,8.63,288.77,11.42,1092.84,2025-10-01,26973,0,0
55,T001,EnergiTech-E100,3.5,2020-03-15,S_T001_WIND,WIND_SPEED,2020-03-15,Nacelle,5,2025-10-01T00:02:00.000,8.63,288.77,11.42,1092.84,2025-10-02,28014,0,0
56,T001,EnergiTech-E100,3.5,2020-03-15,S_T001_WIND,WIND_SPEED,2020-03-15,Nacelle,5,2025-10-01T00:02:00.000,8.63,288.77,11.42,1092.84,2025-10-05,23215,0,0
57,T001,EnergiTech-E100,3.5,2020-03-15,S_T001_WIND,WIND_SPEED,2020-03-15,Nacelle,5,2025-10-01T00:02:00.000,8.63,288.77,11.42,1092.84,2025-10-06,34897,0,0
58,T001,EnergiTech-E100,3.5,2020-03-15,S_T001_WIND,WIND_SPEED,2020-03-15,Nacelle,5,2025-10-01T00:02:00.000,8.63,288.77,11.42,1092.84,2025-10-07,25590,0,0
59,T001,EnergiTech-E100,3.5,2020-03-15,S_T001_WIND,WIND_SPEED,2020-03-15,Nacelle,5,2025-10-01T00:02:00.000,8.63,288.77,11.42,1092.84,2025-10-08,38432,0,0
60,T001,EnergiTech-E100,3.5,2020-03-15,S_T001_WIND,WIND_SPEED,2020-03-15,Nacelle,5,2025-10-01T00:02:00.000,8.63,288.77,11.42,1092.84,2025-10-09,12875,0,0
61,T001,EnergiTech-E100,3.5,2020-03-15,S_T001_WIND,WIND_SPEED,2020-03-15,Nacelle,5,2025-10-01T00:02:00.000,8.63,288.77,11.42,1092.84,2025-10-11,29996,0,0
62,T001,EnergiTech-E100,3.5,2020-03-15,S_T001_WIND,WIND_SPEED,2020-03-15,Nacelle,5,2025-10-01T00:02:00.000,8.63,288.77,11.42,1092.84,2025-10-12,35575,0,0
63,T001,EnergiTech-E100,3.5,2020-03-15,S_T001_WIND,WIND_SPEED,2020-03-15,Nacelle,5,2025-10-01T00:02:00.000,8.63,288.77,11.42,1092.84,2025-10-13,24871,0,0
64,T001,EnergiTech-E100,3.5,2020-03-15,S_T001_WIND,WIND_SPEED,2020-03-15,Nacelle,5,2025-10-01T00:02:00.000,8.63,288.77,11.42,1092.84,2025-10-14,32370,0,0
65,T001,EnergiTech-E100,3.5,2020-03-15,S_T001_WIND,WIND_SPEED,2020-03-15,Nacelle,5,2025-10-01T00:02:00.000,8.63,288.77,11.42,1092.84,2025-10-15,28398,0,0
66,T001,EnergiTech-E100,3.5,2020-03-15,S_T001_WIND,WIND_SPEED,2020-03-15,Nacelle,5,2025-10-01T00:02:00.000,8.63,288.77,11.42,1092.84,2025-10-16,15565,0,0
67,T001,EnergiTech-E100,3.5,2020-03-15,S_T001_WIND,WIND_SPEED,2020-03-15,Nacelle,5,2025-10-01T00:02:00.000,8.63,288.77,11.42,1092.84,2025-10-17,16352,0,0
68,T001,EnergiTech-E100,3.5,2020-03-15,S_T001_WIND,WIND_SPEED,2020-03-15,Nacelle,5,2025-10-01T00:02:00.000,8.63,288.77,11.42,1092.84,2025-10-18,22059,0,0
69,T001,EnergiTech-E100,3.5,2020-03-15,S_T001_WIND,WIND_SPEED,2020-03-15,Nacelle,5,2025-10-01T00:02:00.000,8.63,288.77,11.42,1092.84,2025-10-19,39738,0,0
70,T001,EnergiTech-E100,3.5,2020-03-15,S_T001_WIND,WIND_SPEED,2020-03-15,Nacelle,5,2025-10-01T00:02:00.000,8.63,288.77,11.42,1092.84,2025-10-20,14551,0,0
71,T001,EnergiTech-E100,3.5,2020-03-15,S_T001_WIND,WIND_SPEED,2020-03-15,Nacelle,5,2025-10-01T00:02:00.000,8.63,288.77,11.42,1092.84,2025-10-22,28367,0,0
72,T001,EnergiTech-E100,3.5,2020-03-15,S_T001_WIND,WIND_SPEED,2020-03-15,Nacelle,5,2025-10-01T00:02:00.000,8.63,288.77,11.42,1092.84,2025-10-23,22986,0,0
73,T001,EnergiTech-E100,3.5,2020-03-15,S_T001_WIND,WIND_SPEED,2020-03-15,Nacelle,5,2025-10-01T00:02:00.000,8.63,288.77,11.42,1092.84,2025-10-24,33071,0,0
74,T001,EnergiTech-E100,3.5,2020-03-15,S_T001_WIND,WIND_SPEED,2020-03-15,Nacelle,5,2025-10-01T00:02:00.000,8.63,288.77,11.42,1092.84,2025-10-25,27436,0,0
75,T001,EnergiTech-E100,3.5,2020-03-15,S_T001_WIND,WIND_SPEED,2020-03-15,Nacelle,5,2025-10-01T00:02:00.000,8.63,288.77,11.42,1092.84,2025-10-26,44934,0,0
76,T001,EnergiTech-E100,3.5,2020-03-15,S_T001_WIND,WIND_SPEED,2020-03-15,Nacelle,5,2025-10-01T00:02:00.000,8.63,288.77,11.42,1092.84,2025-10-27,28696,0,0
77,T001,EnergiTech-E100,3.5,2020-03-15,S_T001_WIND,WIND_SPEED,2020-03-15,Nacelle,5,2025-10-01T00:02:00.000,8.63,288.77,11.42,1092.84,2025-10-28,35507,0,0
78,T001,EnergiTech-E100,3.5,2020-03-15,S_T001_WIND,WIND_SPEED,2020-03-15,Nacelle,5,2025-10-01T00:02:00.000,8.63,288.77,11.42,1092.84,2025-10-29,32975,0,0
79,T001,EnergiTech-E100,3.5,2020-03-15,S_T001_WIND,WIND_SPEED,2020-03-15,Nacelle,5,2025-10-01T00:02:00.000,8.63,288.77,11.42,1092.84,2025-10-30,23743,0,0
80,T001,EnergiTech-E100,3.5,2020-03-15,S_T001_WIND,WIND_SPEED,2020-03-15,Nacelle,5,2025-10-01T00:02:00.000,8.63,288.77,11.42,1092.84,2025-10-31,39710,0,0
81,T001,EnergiTech-E100,3.5,2020-03-15,S_T001_WIND,WIND_SPEED,2020-03-15,Nacelle,7,2025-10-01T00:03:00.000,11.85,281.77,8.51,1168.42,2025-10-01,26973,0,0
82,T001,EnergiTech-E100,3.5,2020-03-15,S_T001_WIND,WIND_SPEED,2020-03-15,Nacelle,7,2025-10-01T00:03:00.000,11.85,281.77,8.51,1168.42,2025-10-02,28014,0,0
83,T001,EnergiTech-E100,3.5,2020-03-15,S_T001_WIND,WIND_SPEED,2020-03-15,Nacelle,7,2025-10-01T00:03:00.000,11.85,281.77,8.51,1168.42,2025-10-05,23215,0,0
84,T001,EnergiTech-E100,3.5,2020-03-15,S_T001_WIND,WIND_SPEED,2020-03-15,Nacelle,7,2025-10-01T00:03:00.000,11.85,281.77,8.51,1168.42,2025-10-06,34897,0,0
85,T001,EnergiTech-E100,3.5,2020-03-15,S_T001_WIND,WIND_SPEED,2020-03-15,Nacelle,7,2025-10-01T00:03:00.000,11.85,281.77,8.51,1168.42,2025-10-07,25590,0,0
86,T001,EnergiTech-E100,3.5,2020-03-15,S_T001_WIND,WIND_SPEED,2020-03-15,Nacelle,7,2025-10-01T00:03:00.000,11.85,281.77,8.51,1168.42,2025-10-08,38432,0,0
87,T001,EnergiTech-E100,3.5,2020-03-15,S_T001_WIND,WIND_SPEED,2020-03-15,Nacelle,7,2025-10-01T00:03:00.000,11.85,281.77,8.51,1168.42,2025-10-09,12875,0,0
88,T001,EnergiTech-E100,3.5,2020-03-15,S_T001_WIND,WIND_SPEED,2020-03-15,Nacelle,7,2025-10-01T00:03:00.000,11.85,281.77,8.51,1168.42,2025-10-11,29996,0,0
89,T001,EnergiTech-E100,3.5,2020-03-15,S_T001_WIND,WIND_SPEED,2020-03-15,Nacelle,7,2025-10-01T00:03:00.000,11.85,281.77,8.51,1168.42,2025-10-12,35575,0,0
90,T001,EnergiTech-E100,3.5,2020-03-15,S_T001_WIND,WIND_SPEED,2020-03-15,Nacelle,7,2025-10-01T00:03:00.000,11.85,281.77,8.51,1168.42,2025-10-13,24871,0,0
91,T001,EnergiTech-E100,3.5,2020-03-15,S_T001_WIND,WIND_SPEED,2020-03-15,Nacelle,7,2025-10-01T00:03:00.000,11.85,281.77,8.51,1168.42,2025-10-14,32370,0,0
92,T001,EnergiTech-E100,3.5,2020-03-15,S_T001_WIND,WIND_SPEED,2020-03-15,Nacelle,7,2025-10-01T00:03:00.000,11.85,281.77,8.51,1168.42,2025-10-15,28398,0,0
93,T001,EnergiTech-E100,3.5,2020-03-15,S_T001_WIND,WIND_SPEED,2020-03-15,Nacelle,7,2025-10-01T00:03:00.000,11.85,281.77,8.51,1168.42,2025-10-16,15565,0,0
94,T001,EnergiTech-E100,3.5,2020-03-15,S_T001_WIND,WIND_SPEED,2020-03-15,Nacelle,7,2025-10-01T00:03:00.000,11.85,281.77,8.51,1168.42,2025-10-17,16352,0,0
95,T001,EnergiTech-E100,3.5,2020-03-15,S_T001_WIND,WIND_SPEED,2020-03-15,Nacelle,7,2025-10-01T00:03:00.000,11.85,281.77,8.51,1168.42,2025-10-18,22059,0,0
96,T001,EnergiTech-E100,3.5,2020-03-15,S_T001_WIND,WIND_SPEED,2020-03-15,Nacelle,7,2025-10-01T00:03:00.000,11.85,281.77,8.51,1168.42,2025-10-19,39738,0,0
97,T001,EnergiTech-E100,3.5,2020-03-15,S_T001_WIND,WIND_SPEED,2020-03-15,Nacelle,7,2025-10-01T00:03:00.000,11.85,281.77,8.51,1168.42,2025-10-20,14551,0,0
98,T001,EnergiTech-E100,3.5,2020-03-15,S_T001_WIND,WIND_SPEED,2020-03-15,Nacelle,7,2025-10-01T00:03:00.000,11.85,281.77,8.51,1168.42,2025-10-22,28367,0,0
99,T001,EnergiTech-E100,3.5,2020-03-15,S_T001_WIND,WIND_SPEED,2020-03-15,Nacelle,7,2025-10-01T00:03:00.000,11.85,281.77,8.51,1168.42,2025-10-23,22986,0,0
100,T001,EnergiTech-E100,3.5,2020-03-15,S_T001_WIND,WIND_SPEED,2020-03-15,Nacelle,7,2025-10-01T00:03:00.000,11.85,281.77,8.51,1168.42,2025-10-24,33071,0,0
101,T001,EnergiTech-E100,3.5,2020-03-15,S_T001_WIND,WIND_SPEED,2020-03-15,Nacelle,7,2025-10-01T00:03:00.000,11.85,281.77,8.51,1168.42,2025-10-25,27436,0,0
102,T001,EnergiTech-E100,3.5,2020-03-15,S_T001_WIND,WIND_SPEED,2020-03-15,Nacelle,7,2025-10-01T00:03:00.000,11.85,281.77,8.51,1168.42,2025-10-26,44934,0,0
103,T001,EnergiTech-E100,3.5,2020-03-15,S_T001_WIND,WIND_SPEED,2020-03-15,Nacelle,7,2025-10-01T00:03:00.000,11.85,281.77,8.51,1168.42,2025-10-27,28696,0,0
104,T001,EnergiTech-E100,3.5,2020-03-15,S_T001_WIND,WIND_SPEED,2020-03-15,Nacelle,7,2025-10-01T00:03:00.000,11.85,281.77,8.51,1168.42,2025-10-28,35507,0,0
105,T001,EnergiTech-E100,3.5,2020-03-15,S_T001_WIND,WIND_SPEED,2020-03-15,Nacelle,7,2025-10-01T00:03:00.000,11.85,281.77,8.51,1168.42,2025-10-29,32975,0,0
106,T001,EnergiTech-E100,3.5,2020-03-15,S_T001_WIND,WIND_SPEED,2020-03-15,Nacelle,7,2025-10-01T00:03:00.000,11.85,281.77,8.51,1168.42,2025-10-30,23743,0,0
107,T001,EnergiTech-E100,3.5,2020-03-15,S_T001_WIND,WIND_SPEED,2020-03-15,Nacelle,7,2025-10-01T00:03:00.000,11.85,281.77,8.51,1168.42,2025-10-31,39710,0,0
108,T001,EnergiTech-E100,3.5,2020-03-15,S_T001_WIND,WIND_SPEED,2020-03-15,Nacelle,9,2025-10-01T00:04:00.000,14.22,277.92,5.58,811.29,2025-10-01,26973,0,0
109,T001,EnergiTech-E100,3.5,2020-03-15,S_T001_WIND,WIND_SPEED,2020-03-15,Nacelle,9,2025-10-01T00:04:00.000,14.22,277.92,5.58,811.29,2025-10-02,28014,0,0
110,T001,EnergiTech-E100,3.5,2020-03-15,S_T001_WIND,WIND_SPEED,2020-03-15,Nacelle,9,2025-10-01T00:04:00.000,14.22,277.92,5.58,811.29,2025-10-05,23215,0,0
111,T001,EnergiTech-E100,3.5,2020-03-15,S_T001_WIND,WIND_SPEED,2020-03-15,Nacelle,9,2025-10-01T00:04:00.000,14.22,277.92,5.58,811.29,2025-10-06,34897,0,0
112,T001,EnergiTech-E100,3.5,2020-03-15,S_T001_WIND,WIND_SPEED,2020-03-15,Nacelle,9,2025-10-01T00:04:00.000,14.22,277.92,5.58,811.29,2025-10-07,25590,0,0
113,T001,EnergiTech-E100,3.5,2020-03-15,S_T001_WIND,WIND_SPEED,2020-03-15,Nacelle,9,2025-10-01T00:04:00.000,14.22,277.92,5.58,811.29,2025-10-08,38432,0,0
114,T001,EnergiTech-E100,3.5,2020-03-15,S_T001_WIND,WIND_SPEED,2020-03-15,Nacelle,9,2025-10-01T00:04:00.000,14.22,277.92,5.58,811.29,2025-10-09,12875,0,0
115,T001,EnergiTech-E100,3.5,2020-03-15,S_T001_WIND,WIND_SPEED,2020-03-15,Nacelle,9,2025-10-01T00:04:00.000,14.22,277.92,5.58,811.29,2025-10-11,29996,0,0
116,T001,EnergiTech-E100,3.5,2020-03-15,S_T001_WIND,WIND_SPEED,2020-03-15,Nacelle,9,2025-10-01T00:04:00.000,14.22,277.92,5.58,811.29,2025-10-12,35575,0,0
117,T001,EnergiTech-E100,3.5,2020-03-15,S_T001_WIND,WIND_SPEED,2020-03-15,Nacelle,9,2025-10-01T00:04:00.000,14.22,277.92,5.58,811.29,2025-10-13,24871,0,0
118,T001,EnergiTech-E100,3.5,2020-03-15,S_T001_WIND,WIND_SPEED,2020-03-15,Nacelle,9,2025-10-01T00:04:00.000,14.22,277.92,5.58,811.29,2025-10-14,32370,0,0
119,T001,EnergiTech-E100,3.5,2020-03-15,S_T001_WIND,WIND_SPEED,2020-03-15,Nacelle,9,2025-10-01T00:04:00.000,14.22,277.92,5.58,811.29,2025-10-15,28398,0,0
120,T001,EnergiTech-E100,3.5,2020-03-15,S_T001_WIND,WIND_SPEED,2020-03-15,Nacelle,9,2025-10-01T00:04:00.000,14.22,277.92,5.58,811.29,2025-10-16,15565,0,0
121,T001,EnergiTech-E100,3.5,2020-03-15,S_T001_WIND,WIND_SPEED,2020-03-15,Nacelle,9,2025-10-01T00:04:00.000,14.22,277.92,5.58,811.29,2025-10-17,16352,0,0
122,T001,EnergiTech-E100,3.5,2020-03-15,S_T001_WIND,WIND_SPEED,2020-03-15,Nacelle,9,2025-10-01T00:04:00.000,14.22,277.92,5.58,811.29,2025-10-18,22059,0,0
123,T001,EnergiTech-E100,3.5,2020-03-15,S_T001_WIND,WIND_SPEED,2020-03-15,Nacelle,9,2025-10-01T00:04:00.000,14.22,277.92,5.58,811.29,2025-10-19,39738,0,0
124,T001,EnergiTech-E100,3.5,2020-03-15,S_T001_WIND,WIND_SPEED,2020-03-15,Nacelle,9,2025-10-01T00:04:00.000,14.22,277.92,5.58,811.29,2025-10-20,14551,0,0
125,T001,EnergiTech-E100,3.5,2020-03-15,S_T001_WIND,WIND_SPEED,2020-03-15,Nacelle,9,2025-10-01T00:04:00.000,14.22,277.92,5.58,811.29,2025-10-22,28367,0,0
126,T001,EnergiTech-E100,3.5,2020-03-15,S_T001_WIND,WIND_SPEED,2020-03-15,Nacelle,9,2025-10-01T00:04:00.000,14.22,277.92,5.58,811.29,2025-10-23,22986,0,0
127,T001,EnergiTech-E100,3.5,2020-03-15,S_T001_WIND,WIND_SPEED,2020-03-15,Nacelle,9,2025-10-01T00:04:00.000,14.22,277.92,5.58,811.29,2025-10-24,33071,0,0
128,T001,EnergiTech-E100,3.5,2020-03-15,S_T001_WIND,WIND_SPEED,2020-03-15,Nacelle,9,2025-10-01T00:04:00.000,14.22,277.92,5.58,811.29,2025-10-25,27436,0,0
129,T001,EnergiTech-E100,3.5,2020-03-15,S_T001_WIND,WIND_SPEED,2020-03-15,Nacelle,9,2025-10-01T00:04:00.000,14.22,277.92,5.58,811.29,2025-10-26,44934,0,0
130,T001,EnergiTech-E100,3.5,2020-03-15,S_T001_WIND,WIND_SPEED,2020-03-15,Nacelle,9,2025-10-01T00:04:00.000,14.22,277.92,5.58,811.29,2025-10-27,28696,0,0
131,T001,EnergiTech-E100,3.5,2020-03-15,S_T001_WIND,WIND_SPEED,2020-03-15,Nacelle,9,2025-10-01T00:04:00.000,14.22,277.92,5.58,811.29,2025-10-28,35507,0,0
132,T001,EnergiTech-E100,3.5,2020-03-15,S_T001_WIND,WIND_SPEED,2020-03-15,Nacelle,9,2025-10-01T00:04:00.000,14.22,277.92,5.58,811.29,2025-10-29,32975,0,0
133,T001,EnergiTech-E100,3.5,2020-03-15,S_T001_WIND,WIND_SPEED,2020-03-15,Nacelle,9,2025-10-01T00:04:00.000,14.22,277.92,5.58,811.29,2025-10-30,23743,0,0
134,T001,EnergiTech-E100,3.5,2020-03-15,S_T001_WIND,WIND_SPEED,2020-03-15,Nacelle,9,2025-10-01T00:04:00.000,14.22,277.92,5.58,811.29,2025-10-31,39710,0,0
135,T001,EnergiTech-E100,3.5,2020-03-15,S_T001_WIND,WIND_SPEED,2020-03-15,Nacelle,11,2025-10-01T00:05:00.000,12.7,297.42,4.64,960.63,2025-10-01,26973,0,0
136,T001,EnergiTech-E100,3.5,2020-03-15,S_T001_WIND,WIND_SPEED,2020-03-15,Nacelle,11,2025-10-01T00:05:00.000,12.7,297.42,4.64,960.63,2025-10-02,28014,0,0
137,T001,EnergiTech-E100,3.5,2020-03-15,S_T001_WIND,WIND_SPEED,2020-03-15,Nacelle,11,2025-10-01T00:05:00.000,12.7,297.42,4.64,960.63,2025-10-05,23215,0,0
138,T001,EnergiTech-E100,3.5,2020-03-15,S_T001_WIND,WIND_SPEED,2020-03-15,Nacelle,11,2025-10-01T00:05:00.000,12.7,297.42,4.64,960.63,2025-10-06,34897,0,0
139,T001,EnergiTech-E100,3.5,2020-03-15,S_T001_WIND,WIND_SPEED,2020-03-15,Nacelle,11,2025-10-01T00:05:00.000,12.7,297.42,4.64,960.63,2025-10-07,25590,0,0
140,T001,EnergiTech-E100,3.5,2020-03-15,S_T001_WIND,WIND_SPEED,2020-03-15,Nacelle,11,2025-10-01T00:05:00.000,12.7,297.42,4.64,960.63,2025-10-08,38432,0,0
141,T001,EnergiTech-E100,3.5,2020-03-15,S_T001_WIND,WIND_SPEED,2020-03-15,Nacelle,11,2025-10-01T00:05:00.000,12.7,297.42,4.64,960.63,2025-10-09,12875,0,0
142,T001,EnergiTech-E100,3.5,2020-03-15,S_T001_WIND,WIND_SPEED,2020-03-15,Nacelle,11,2025-10-01T00:05:00.000,12.7,297.42,4.64,960.63,2025-10-11,29996,0,0
143,T001,EnergiTech-E100,3.5,2020-03-15,S_T001_WIND,WIND_SPEED,2020-03-15,Nacelle,11,2025-10-01T00:05:00.000,12.7,297.42,4.64,960.63,2025-10-12,35575,0,0
144,T001,EnergiTech-E100,3.5,2020-03-15,S_T001_WIND,WIND_SPEED,2020-03-15,Nacelle,11,2025-10-01T00:05:00.000,12.7,297.42,4.64,960.63,2025-10-13,24871,0,0
145,T001,EnergiTech-E100,3.5,2020-03-15,S_T001_WIND,WIND_SPEED,2020-03-15,Nacelle,11,2025-10-01T00:05:00.000,12.7,297.42,4.64,960.63,2025-10-14,32370,0,0
146,T001,EnergiTech-E100,3.5,2020-03-15,S_T001_WIND,WIND_SPEED,2020-03-15,Nacelle,11,2025-10-01T00:05:00.000,12.7,297.42,4.64,960.63,2025-10-15,28398,0,0
147,T001,EnergiTech-E100,3.5,2020-03-15,S_T001_WIND,WIND_SPEED,2020-03-15,Nacelle,11,2025-10-01T00:05:00.000,12.7,297.42,4.64,960.63,2025-10-16,15565,0,0
148,T001,EnergiTech-E100,3.5,2020-03-15,S_T001_WIND,WIND_SPEED,2020-03-15,Nacelle,11,2025-10-01T00:05:00.000,12.7,297.42,4.64,960.63,2025-10-17,16352,0,0
149,T001,EnergiTech-E100,3.5,2020-03-15,S_T001_WIND,WIND_SPEED,2020-03-15,Nacelle,11,2025-10-01T00:05:00.000,12.7,297.42,4.64,960.63,2025-10-18,22059,0,0
150,T001,EnergiTech-E100,3.5,2020-03-15,S_T001_WIND,WIND_SPEED,2020-03-15,Nacelle,11,2025-10-01T00:05:00.000,12.7,297.42,4.64,960.63,2025-10-19,39738,0,0
151,T001,EnergiTech-E100,3.5,2020-03-15,S_T001_WIND,WIND_SPEED,2020-03-15,Nacelle,11,2025-10-01T00:05:00.000,12.7,297.42,4.64,960.63,2025-10-20,14551,0,0
152,T001,EnergiTech-E100,3.5,2020-03-15,S_T001_WIND,WIND_SPEED,2020-03-15,Nacelle,11,2025-10-01T00:05:00.000,12.7,297.42,4.64,960.63,2025-10-22,28367,0,0
153,T001,EnergiTech-E100,3.5,2020-03-15,S_T001_WIND,WIND_SPEED,2020-03-15,Nacelle,11,2025-10-01T00:05:00.000,12.7,297.42,4.64,960.63,2025-10-23,22986,0,0
154,T001,EnergiTech-E100,3.5,2020-03-15,S_T001_WIND,WIND_SPEED,2020-03-15,Nacelle,11,2025-10-01T00:05:00.000,12.7,297.42,4.64,960.63,2025-10-24,33071,0,0
155,T001,EnergiTech-E100,3.5,2020-03-15,S_T001_WIND,WIND_SPEED,2020-03-15,Nacelle,11,2025-10-01T00:05:00.000,12.7,297.42,4.64,960.63,2025-10-25,27436,0,0
156,T001,EnergiTech-E100,3.5,2020-03-15,S_T001_WIND,WIND_SPEED,2020-03-15,Nacelle,11,2025-10-01T00:05:00.000,12.7,297.42,4.64,960.63,2025-10-26,44934,0,0
157,T001,EnergiTech-E100,3.5,2020-03-15,S_T001_WIND,WIND_SPEED,2020-03-15,Nacelle,11,2025-10-01T00:05:00.000,12.7,297.42,4.64,960.63,2025-10-27,28696,0,0
158,T001,EnergiTech-E100,3.5,2020-03-15,S_T001_WIND,WIND_SPEED,2020-03-15,Nacelle,11,2025-10-01T00:05:00.000,12.7,297.42,4.64,960.63,2025-10-28,35507,0,0
159,T001,EnergiTech-E100,3.5,2020-03-15,S_T001_WIND,WIND_SPEED,2020-03-15,Nacelle,11,2025-10-01T00:05:00.000,12.7,297.42,4.64,960.63,2025-10-29,32975,0,0
160,T001,EnergiTech-E100,3.5,2020-03-15,S_T001_WIND,WIND_SPEED,2020-03-15,Nacelle,11,2025-10-01T00:05:00.000,12.7,297.42,4.64,960.63,2025-10-30,23743,0,0
161,T001,EnergiTech-E100,3.5,2020-03-15,S_T001_WIND,WIND_SPEED,2020-03-15,Nacelle,11,2025-10-01T00:05:00.000,12.7,297.42,4.64,960.63,2025-10-31,39710,0,0
162,T001,EnergiTech-E100,3.5,2020-03-15,S_T001_WIND,WIND_SPEED,2020-03-15,Nacelle,13,2025-10-01T00:06:00.000,3.85,279.87,8.15,880.12,2025-10-01,26973,0,0
163,T001,EnergiTech-E100,3.5,2020-03-15,S_T001_WIND,WIND_SPEED,2020-03-15,Nacelle,13,2025-10-01T00:06:00.000,3.85,279.87,8.15,880.12,2025-10-02,28014,0,0
164,T001,EnergiTech-E100,3.5,2020-03-15,S_T001_WIND,WIND_SPEED,2020-03-15,Nacelle,13,2025-10-01T00:06:00.000,3.85,279.87,8.15,880.12,2025-10-05,23215,0,0
165,T001,EnergiTech-E100,3.5,2020-03-15,S_T001_WIND,WIND_SPEED,2020-03-15,Nacelle,13,2025-10-01T00:06:00.000,3.85,279.87,8.15,880.12,2025-10-06,34897,0,0
166,T001,EnergiTech-E100,3.5,2020-03-15,S_T001_WIND,WIND_SPEED,2020-03-15,Nacelle,13,2025-10-01T00:06:00.000,3.85,279.87,8.15,880.12,2025-10-07,25590,0,0
167,T001,EnergiTech-E100,3.5,2020-03-15,S_T001_WIND,WIND_SPEED,2020-03-15,Nacelle,13,2025-10-01T00:06:00.000,3.85,279.87,8.15,880.12,2025-10-08,38432,0,0
168,T001,EnergiTech-E100,3.5,2020-03-15,S_T001_WIND,WIND_SPEED,2020-03-15,Nacelle,13,2025-10-01T00:06:00.000,3.85,279.87,8.15,880.12,2025-10-09,12875,0,0
169,T001,EnergiTech-E100,3.5,2020-03-15,S_T001_WIND,WIND_SPEED,2020-03-15,Nacelle,13,2025-10-01T00:06:00.000,3.85,279.87,8.15,880.12,2025-10-11,29996,0,0
170,T001,EnergiTech-E100,3.5,2020-03-15,S_T001_WIND,WIND_SPEED,2020-03-15,Nacelle,13,2025-10-01T00:06:00.000,3.85,279.87,8.15,880.12,2025-10-12,35575,0,0
171,T001,EnergiTech-E100,3.5,2020-03-15,S_T001_WIND,WIND_SPEED,2020-03-15,Nacelle,13,2025-10-01T00:06:00.000,3.85,279.87,8.15,880.12,2025-10-13,24871,0,0
172,T001,EnergiTech-E100,3.5,2020-03-15,S_T001_WIND,WIND_SPEED,2020-03-15,Nacelle,13,2025-10-01T00:06:00.000,3.85,279.87,8.15,880.12,2025-10-14,32370,0,0
173,T001,EnergiTech-E100,3.5,2020-03-15,S_T001_WIND,WIND_SPEED,2020-03-15,Nacelle,13,2025-10-01T00:06:00.000,3.85,279.87,8.15,880.12,2025-10-15,28398,0,0
174,T001,EnergiTech-E100,3.5,2020-03-15,S_T001_WIND,WIND_SPEED,2020-03-15,Nacelle,13,2025-10-01T00:06:00.000,3.85,279.87,8.15,880.12,2025-10-16,15565,0,0
175,T001,EnergiTech-E100,3.5,2020-03-15,S_T001_WIND,WIND_SPEED,2020-03-15,Nacelle,13,2025-10-01T00:06:00.000,3.85,279.87,8.15,880.12,2025-10-17,16352,0,0
176,T001,EnergiTech-E100,3.5,2020-03-15,S_T001_WIND,WIND_SPEED,2020-03-15,Nacelle,13,2025-10-01T00:06:00.000,3.85,279.87,8.15,880.12,2025-10-18,22059,0,0
177,T001,EnergiTech-E100,3.5,2020-03-15,S_T001_WIND,WIND_SPEED,2020-03-15,Nacelle,13,2025-10-01T00:06:00.000,3.85,279.87,8.15,880.12,2025-10-19,39738,0,0
178,T001,EnergiTech-E100,3.5,2020-03-15,S_T001_WIND,WIND_SPEED,2020-03-15,Nacelle,13,2025-10-01T00:06:00.000,3.85,279.87,8.15,880.12,2025-10-20,14551,0,0
179,T001,EnergiTech-E100,3.5,2020-03-15,S_T001_WIND,WIND_SPEED,2020-03-15,Nacelle,13,2025-10-01T00:06:00.000,3.85,279.87,8.15,880.12,2025-10-22,28367,0,0
180,T001,EnergiTech-E100,3.5,2020-03-15,S_T001_WIND,WIND_SPEED,2020-03-15,Nacelle,13,2025-10-01T00:06:00.000,3.85,279.87,8.15,880.12,2025-10-23,22986,0,0
181,T001,EnergiTech-E100,3.5,2020-03-15,S_T001_WIND,WIND_SPEED,2020-03-15,Nacelle,13,2025-10-01T00:06:00.000,3.85,279.87,8.15,880.12,2025-10-24,33071,0,0
182,T001,EnergiTech-E100,3.5,2020-03-15,S_T001_WIND,WIND_SPEED,2020-03-15,Nacelle,13,2025-10-01T00:06:00.000,3.85,279.87,8.15,880.12,2025-10-25,27436,0,0
183,T001,EnergiTech-E100,3.5,2020-03-15,S_T001_WIND,WIND_SPEED,2020-03-15,Nacelle,13,2025-10-01T00:06:00.000,3.85,279.87,8.15,880.12,2025-10-26,44934,0,0
184,T001,EnergiTech-E100,3.5,2020-03-15,S_T001_WIND,WIND_SPEED,2020-03-15,Nacelle,13,2025-10-01T00:06:00.000,3.85,279.87,8.15,880.12,2025-10-27,28696,0,0
185,T001,EnergiTech-E100,3.5,2020-03-15,S_T001_WIND,WIND_SPEED,2020-03-15,Nacelle,13,2025-10-01T00:06:00.000,3.85,279.87,8.15,880.12,2025-10-28,35507,0,0
186,T001,EnergiTech-E100,3.5,2020-03-15,S_T001_WIND,WIND_SPEED,2020-03-15,Nacelle,13,2025-10-01T00:06:00.000,3.85,279.87,8.15,880.12,2025-10-29,32975,0,0
187,T001,EnergiTech-E100,3.5,2020-03-15,S_T001_WIND,WIND_SPEED,2020-03-15,Nacelle,13,2025-10-01T00:06:00.000,3.85,279.87,8.15,880.12,2025-10-30,23743,0,0
188,T001,EnergiTech-E100,3.5,2020-03-15,S_T001_WIND,WIND_SPEED,2020-03-15,Nacelle,13,2025-10-01T00:06:00.000,3.85,279.87,8.15,880.12,2025-10-31,39710,0,0
189,T001,EnergiTech-E100,3.5,2020-03-15,S_T001_WIND,WIND_SPEED,2020-03-15,Nacelle,15,2025-10-01T00:07:00.000,9.62,298.61,9.09,1034.58,2025-10-01,26973,0,0
190,T001,EnergiTech-E100,3.5,2020-03-15,S_T001_WIND,WIND_SPEED,2020-03-15,Nacelle,15,2025-10-01T00:07:00.000,9.62,298.61,9.09,1034.58,2025-10-02,28014,0,0
191,T001,EnergiTech-E100,3.5,2020-03-15,S_T001_WIND,WIND_SPEED,2020-03-15,Nacelle,15,2025-10-01T00:07:00.000,9.62,298.61,9.09,1034.58,2025-10-05,23215,0,0
192,T001,EnergiTech-E100,3.5,2020-03-15,S_T001_WIND,WIND_SPEED,2020-03-15,Nacelle,15,2025-10-01T00:07:00.000,9.62,298.61,9.09,1034.58,2025-10-06,34897,0,0
193,T001,EnergiTech-E100,3.5,2020-03-15,S_T001_WIND,WIND_SPEED,2020-03-15,Nacelle,15,2025-10-01T00:07:00.000,9.62,298.61,9.09,1034.58,2025-10-07,25590,0,0
194,T001,EnergiTech-E100,3.5,2020-03-15,S_T001_WIND,WIND_SPEED,2020-03-15,Nacelle,15,2025-10-01T00:07:00.000,9.62,298.61,9.09,1034.58,2025-10-08,38432,0,0
195,T001,EnergiTech-E100,3.5,2020-03-15,S_T001_WIND,WIND_SPEED,2020-03-15,Nacelle,15,2025-10-01T00:07:00.000,9.62,298.61,9.09,1034.58,2025-10-09,12875,0,0
196,T001,EnergiTech-E100,3.5,2020-03-15,S_T001_WIND,WIND_SPEED,2020-03-15,Nacelle,15,2025-10-01T00:07:00.000,9.62,298.61,9.09,1034.58,2025-10-11,29996,0,0
197,T001,EnergiTech-E100,3.5,2020-03-15,S_T001_WIND,WIND_SPEED,2020-03-15,Nacelle,15,2025-10-01T00:07:00.000,9.62,298.61,9.09,1034.58,2025-10-12,35575,0,0
198,T001,EnergiTech-E100,3.5,2020-03-15,S_T001_WIND,WIND_SPEED,2020-03-15,Nacelle,15,2025-10-01T00:07:00.000,9.62,298.61,9.09,1034.58,2025-10-13,24871,0,0
199,T001,EnergiTech-E100,3.5,2020-03-15,S_T001_WIND,WIND_SPEED,2020-03-15,Nacelle,15,2025-10-01T00:07:00.000,9.62,298.61,9.09,1034.58,2025-10-14,32370,0,0
